id,question,level,tags,imp_junior,imp_mid,imp_senior,imp_master,added,source
1,"What's the difference between `==` and `===` in JavaScript?",junior,js,4,3,1,0,2026-10-04,https://developer.mozilla.org/en-US/docs/Web/JavaScript/Equality_comparisons_and_sameness
2,"What's the difference between `var`, `let` and `const`, and how do they relate to function vs block scope?",junior,js,4,4,2,0,2026-10-04,
3,"Explain hoisting and the Temporal Dead Zone (TDZ).",mid,js,3,4,2,1,2026-10-04,
4,"What is a closure in JavaScript, and what is it useful for?",junior,js,4,4,3,1,2026-10-04,https://developer.mozilla.org/en-US/docs/Web/JavaScript/Closures
5,"How is the value of `this` determined in JavaScript?",mid,js,3,4,3,1,2026-10-04,https://developer.mozilla.org/en-US/docs/Web/JavaScript/Reference/Operators/this
6,"How does prototypal inheritance work, and how do ES6 classes relate to it?",mid,js,2,4,3,1,2026-10-04,
7,"Explain the event loop: what's the difference between microtasks and macrotasks?",mid,js|browser|node,2,4,4,3,2026-10-04,
8,"What's the difference between using Promises with `.then()` and `async`/`await`?",junior,js,4,4,2,1,2026-10-04,
9,"How do you handle errors in asynchronous JavaScript code, and what is an unhandled rejection?",mid,js|node,2,4,3,1,2026-10-04,
10,"What's the difference between copying by value and by reference? How do you make a shallow vs deep copy of an object?",junior,js,4,3,2,0,2026-10-04,
11,"Explain `map`, `filter` and `reduce`. When would you use each?",junior,js,4,3,1,0,2026-10-04,
12,"What's the difference between debounce and throttle? Implement debounce.",mid,js|performance,2,4,3,1,2026-10-04,
13,"Explain event bubbling, capturing and event delegation.",mid,js|browser,3,4,2,1,2026-10-04,
14,"What are the differences between ES modules and CommonJS?",mid,js|node,1,3,3,2,2026-10-04,
15,"What are iterators and generators in JavaScript, and when would you use them?",senior,js,0,2,3,2,2026-10-04,
16,"What causes memory leaks in JavaScript, and how do `WeakMap` and `WeakRef` help?",senior,js|performance,0,2,4,3,2026-10-04,
17,"What are `Proxy` and `Reflect`, and what are real-world use cases for them?",master,js,0,1,2,3,2026-10-04,
18,"Implement `Promise.all` from scratch.",senior,js,0,3,4,3,2026-10-04,
19,"What are currying and function composition? Implement a generic `curry`.",mid,js,1,3,2,1,2026-10-04,
20,"How do arrow functions differ from regular functions?",junior,js,4,3,1,0,2026-10-04,
21,"What's the difference between `null` and `undefined`, and which values are falsy in JavaScript?",junior,js,4,2,1,0,2026-10-04,
22,"Compare `Promise.all`, `Promise.allSettled`, `Promise.race` and `Promise.any`.",mid,js,1,3,3,2,2026-10-04,
23,"What's the difference between `type` and `interface` in TypeScript?",junior,typescript,3,4,3,1,2026-10-04,
24,"What's the difference between `any`, `unknown` and `never` in TypeScript?",junior,typescript,3,4,3,1,2026-10-04,
25,"How do generics with constraints (`extends`) work in TypeScript?",mid,typescript,1,4,3,1,2026-10-04,
26,"Explain the utility types `Partial`, `Pick`, `Omit` and `Record` with examples.",junior,typescript,3,4,2,1,2026-10-04,
27,"What are discriminated unions and how does type narrowing work in TypeScript?",senior,typescript,1,3,4,3,2026-10-04,
28,"TypeScript is structurally typed — what does that mean, and how can you emulate nominal (branded) types?",senior,typescript,0,2,3,3,2026-10-04,
29,"What does the `satisfies` operator do, and how is it different from a type annotation or `as`?",senior,typescript,0,2,3,2,2026-10-04,
30,"Explain conditional types, mapped types and `infer` in TypeScript. Implement your own `ReturnType` and `DeepReadonly`.",master,typescript,0,0,2,4,2026-10-04,
31,"What are the rules of hooks in React, and why do they exist?",junior,react,4,3,1,0,2026-10-04,https://react.dev/reference/rules/rules-of-hooks
32,"How does React reconciliation work, and why do list items need stable `key`s?",mid,react|performance,3,4,3,1,2026-10-04,
33,"What does the `useEffect` dependency array do, and when does the cleanup function run?",junior,react,4,4,2,0,2026-10-04,https://react.dev/reference/react/useEffect
34,"Why does calling `setCount(count + 1)` twice in one handler only increment by one?",junior,react,4,3,1,0,2026-10-04,
35,"When should you use `useMemo`, `useCallback` and `React.memo` — and when shouldn't you?",mid,react|performance,2,4,3,1,2026-10-04,
36,"What's the difference between controlled and uncontrolled components in React?",junior,react|html,4,3,1,0,2026-10-04,
37,"When would you lift state up, use Context, or reach for a state library like Zustand or Redux?",mid,react|architecture,2,4,4,2,2026-10-04,
38,"What is a custom hook, and do two components using the same custom hook share state?",mid,react,2,4,2,1,2026-10-04,
39,"What do React 19 Actions, `useActionState`, `useOptimistic` and `use` give you?",senior,react,0,3,4,3,2026-10-04,https://react.dev/blog/2024/12/05/react-19
40,"How does concurrent rendering work in React, and when would you use `useTransition` or `useDeferredValue`?",master,react|performance,0,1,3,4,2026-10-04,
41,"What are the main differences between the Next.js App Router and Pages Router?",mid,nextjs,2,4,3,1,2026-10-04,
42,"Compare SSR, SSG, ISR and streaming in Next.js. When would you pick each?",mid,nextjs|performance,2,4,4,2,2026-10-04,
43,"How do Server Components differ from Client Components, and what can cross the boundary between them?",senior,nextjs|react,0,3,4,3,2026-10-04,
44,"Explain how caching and revalidation work in the Next.js App Router.",master,nextjs|caching,0,1,3,4,2026-10-04,
45,"What are Server Actions in Next.js, and what security concerns do they raise?",senior,nextjs|react|be-security,0,2,4,3,2026-10-04,
46,"Why does semantic HTML matter, and which `<head>` tags are important for SEO?",junior,html|accessibility,4,3,1,0,2026-10-04,
47,"What's the difference between `<script>`, `<script async>` and `<script defer>`?",junior,html|browser|performance,3,3,2,0,2026-10-04,https://developer.mozilla.org/en-US/docs/Web/HTML/Reference/Elements/script
48,"How does built-in HTML form validation work, and why do you still need server-side validation?",junior,html|security,3,2,1,0,2026-10-04,
49,"Explain the CSS box model and what `box-sizing: border-box` changes.",junior,css,4,3,1,0,2026-10-04,
50,"How is CSS specificity calculated, and how do you avoid specificity wars?",junior,css,4,3,1,0,2026-10-04,
51,"When would you use Flexbox versus CSS Grid?",junior,css,4,4,2,0,2026-10-04,
52,"What is a stacking context, and why might `z-index: 9999` not put an element on top?",senior,css,1,3,3,2,2026-10-04,
53,"How do media queries differ from container queries, and when would you use each?",mid,css,2,3,2,1,2026-10-04,
54,"Describe the critical rendering path. What blocks the first render?",mid,browser|performance,2,4,3,2,2026-10-04,
55,"What is the difference between reflow, repaint and compositing, and how do you avoid layout thrashing?",master,browser|performance,0,2,3,4,2026-10-04,
56,"Compare cookies, `localStorage`, `sessionStorage` and IndexedDB.",junior,browser|fe-security,4,4,2,1,2026-10-04,
57,"When should you use ARIA attributes, and when should you avoid them?",mid,accessibility|html,1,3,3,2,2026-10-04,
58,"How do you manage keyboard navigation and focus in a modal dialog?",senior,accessibility|react,1,3,3,2,2026-10-04,
59,"What are the Core Web Vitals (LCP, INP, CLS), and how would you improve each?",senior,performance|browser,1,3,4,4,2026-10-04,https://web.dev/articles/vitals
60,"What is code splitting and lazy loading, and how do you apply them to JavaScript and images?",mid,performance|react,2,4,3,2,2026-10-04,
61,"Explain the phases of the Node.js event loop and the role of libuv.",senior,js|node,1,3,4,3,2026-10-04,https://nodejs.org/en/learn/asynchronous-work/event-loop-timers-and-nexttick
62,"What's the difference between `process.nextTick()`, `setImmediate()` and `setTimeout(fn, 0)`?",mid,js|node,1,4,3,2,2026-10-04,
63,"What are streams in Node.js and how does backpressure work?",senior,node|performance,0,2,4,3,2026-10-04,https://nodejs.org/api/stream.html
64,"When would you use worker threads vs the cluster module vs `child_process`?",senior,node|performance|architecture,0,2,4,3,2026-10-04,https://nodejs.org/api/worker_threads.html
65,"What does ""blocking the event loop"" mean in Node.js and how do you avoid it?",junior,js|node|performance,4,4,3,1,2026-10-04,
66,"How do you handle errors in async Node.js code, and what happens on an unhandled promise rejection?",junior,js|node,4,3,2,1,2026-10-04,
67,"How does middleware work in Express (and how does Fastify differ)?",junior,node|rest,4,3,1,0,2026-10-04,
68,"How do you manage environment configuration and secrets in a Node.js app?",junior,node|security|be-security,3,3,2,0,2026-10-04,
69,"How would you diagnose and fix a memory leak in a production Node.js service?",master,node|performance,0,1,3,4,2026-10-04,
70,"What's the difference between mutable and immutable types in Python, and why are mutable default arguments a bug?",junior,python,4,3,1,0,2026-10-04,
71,"When would you use a list vs a tuple vs a set vs a dict in Python?",junior,python|performance,4,3,1,0,2026-10-04,
72,"What are generators and `yield` in Python, and why would you use them?",junior,python|performance,3,3,2,1,2026-10-04,
73,"How do decorators work in Python? Write one that measures execution time.",mid,python,2,4,3,1,2026-10-04,
74,"Explain the GIL and when you would use threading vs multiprocessing vs asyncio in Python.",senior,python|performance,1,3,4,3,2026-10-04,
75,"What is a context manager in Python and how do you write one?",mid,python,2,3,2,1,2026-10-04,https://docs.python.org/3/library/contextlib.html
76,"What do `*args` and `**kwargs` mean in a Python function signature?",junior,python,4,2,1,0,2026-10-04,
77,"How do dataclasses differ from Pydantic models, and are Python type hints enforced at runtime?",mid,python|fastapi,1,3,3,1,2026-10-04,https://docs.python.org/3/library/dataclasses.html
78,"How does dependency injection with `Depends` work in FastAPI?",mid,python|fastapi,2,4,3,1,2026-10-04,https://fastapi.tiangolo.com/tutorial/dependencies/
79,"How does FastAPI validate request data using Pydantic v2 models?",junior,python|fastapi|rest,3,3,2,0,2026-10-04,
80,"What's the difference between `async def` and `def` endpoints in FastAPI, and what happens if you call blocking code inside an `async def` endpoint?",senior,python|fastapi|performance,1,3,4,3,2026-10-04,https://fastapi.tiangolo.com/async/
81,"How do background tasks work in FastAPI, and when should you use a real task queue instead?",mid,python|fastapi|architecture,1,3,3,2,2026-10-04,https://fastapi.tiangolo.com/tutorial/background-tasks/
82,"How do middleware and the lifespan handler work in FastAPI?",mid,python|fastapi,1,3,3,1,2026-10-04,https://fastapi.tiangolo.com/advanced/events/
83,"Explain the different types of SQL JOINs.",junior,sql,4,4,2,1,2026-10-04,
84,"How do database indexes work, and when can they hurt performance?",mid,sql|performance,2,4,4,2,2026-10-04,
85,"Explain transaction isolation levels and the anomalies each one prevents.",master,sql,0,1,3,4,2026-10-04,
86,"What is the N+1 query problem and how do you fix it?",mid,sql|performance,2,4,3,1,2026-10-04,
87,"What are the trade-offs between SQL and NoSQL databases?",mid,sql|nosql|architecture,3,4,3,2,2026-10-04,
88,"In a document database like MongoDB, when do you embed data vs reference it?",senior,nosql|architecture,0,2,4,3,2026-10-04,
89,"Compare cache-aside, read-through, write-through and write-behind caching strategies.",mid,caching|architecture,1,3,4,2,2026-10-04,
90,"How do you handle cache invalidation and prevent a cache stampede?",master,caching|performance|system-design,0,1,3,4,2026-10-04,
91,"What are the core principles (constraints) of REST?",junior,rest|architecture,4,3,1,0,2026-10-04,
92,"Which HTTP methods are safe and which are idempotent, and why does it matter?",junior,rest|network,4,4,2,1,2026-10-04,
93,"Explain the HTTP status code classes and when you would return 200, 201, 204, 400, 401, 403, 404, 409, 422 and 500.",junior,rest|network,4,4,2,1,2026-10-04,
94,"What is the difference between `PUT` and `PATCH`?",junior,rest,4,3,1,0,2026-10-04,
95,"Compare offset-based and cursor-based pagination. When would you choose each?",mid,rest|sql|performance,1,4,3,2,2026-10-04,
96,"What strategies exist for versioning a REST API, and which would you pick?",mid,rest|architecture,1,3,3,2,2026-10-04,
97,"How does GraphQL differ from REST, and when would you choose one over the other?",mid,graphql|rest|architecture,2,4,3,1,2026-10-04,
98,"What is a resolver in GraphQL, what is the N+1 problem, and how does DataLoader solve it?",senior,graphql|performance|sql,0,3,4,3,2026-10-04,
99,"What is the difference between queries, mutations and subscriptions in GraphQL?",junior,graphql,3,3,1,0,2026-10-04,
100,"How do you approach GraphQL schema design, and how should you think about nullability?",senior,graphql|architecture,0,2,3,3,2026-10-04,
101,"How do you protect a GraphQL API from abusive queries (depth, cost, introspection)?",senior,graphql|be-security|security,0,2,4,3,2026-10-04,
102,"What happens when you type a URL into the browser and press Enter?",junior,network|browser,4,4,3,2,2026-10-04,
103,"What is the difference between TCP and UDP?",junior,network,4,3,2,1,2026-10-04,
104,"How does DNS resolution work?",junior,network,3,3,2,1,2026-10-04,
105,"Compare HTTP/1.1, HTTP/2 and HTTP/3. What problem does each version solve?",senior,network|performance,0,3,4,3,2026-10-04,
106,"Walk through the TLS handshake. What does HTTPS actually protect?",senior,network|security,0,3,3,2,2026-10-04,
107,"When would you use WebSockets, Server-Sent Events or long polling?",mid,network|system-design|browser,1,4,4,2,2026-10-04,
108,"What is XSS, what are its main types, and how do you prevent it?",mid,security|fe-security,3,4,3,2,2026-10-04,https://developer.mozilla.org/en-US/docs/Web/Security/Attacks/XSS
109,"What is CSRF, and how do `SameSite` cookies and CSRF tokens defend against it?",mid,security|fe-security|be-security,2,4,3,2,2026-10-04,
110,"What is CORS, why does it exist, and how does a preflight request work?",mid,security|fe-security|browser,3,4,3,2,2026-10-04,https://developer.mozilla.org/en-US/docs/Web/HTTP/Guides/CORS
111,"What is a Content Security Policy and how would you roll one out?",senior,security|fe-security|browser,0,2,3,3,2026-10-04,https://developer.mozilla.org/en-US/docs/Web/HTTP/Guides/CSP
112,"What is clickjacking and how do you prevent it?",junior,security|fe-security,2,2,2,1,2026-10-04,
113,"What is SQL injection and how do parameterized queries prevent it?",junior,security|be-security|sql,4,4,2,1,2026-10-04,
114,"How should passwords be stored? Why bcrypt or Argon2 instead of SHA-256?",mid,security|be-security|auth,2,4,3,2,2026-10-04,
115,"JWT vs server-side sessions: what are the trade-offs, and where should a web app store tokens?",mid,auth|security|be-security,2,4,4,3,2026-10-04,
116,"Explain the OAuth 2.0 authorization code flow with PKCE and how OpenID Connect builds on it.",master,auth|security,0,1,3,4,2026-10-04,
117,"What is the difference between authentication and authorization?",junior,auth|security,4,3,1,0,2026-10-04,
118,"Give an overview of the OWASP Top 10. Which risks matter most for a typical web app?",mid,security|be-security|fe-security,2,3,3,2,2026-10-04,https://owasp.org/Top10/
119,"How would you design rate limiting and brute-force protection for a login endpoint running on many instances?",master,security|be-security|system-design,0,1,3,4,2026-10-04,
120,"What is SSRF, and how do you protect a service and its secrets from it?",master,security|be-security|cloud,0,1,3,4,2026-10-04,
121,"What's the difference between continuous integration, continuous delivery, and continuous deployment?",junior,ci-cd,4,4,3,1,2026-10-04,
122,"How would you design a CI pipeline that stays fast as the codebase grows?",mid,ci-cd|performance,1,3,4,2,2026-10-04,
123,"Compare blue-green, canary, and rolling deployments. Where do feature flags fit in?",mid,ci-cd|cloud,1,4,4,3,2026-10-04,
124,"What's the difference between a Docker image, a container, and a virtual machine?",junior,docker|cloud,4,4,2,1,2026-10-04,
125,"How do Dockerfile layers work, and why would you use a multi-stage build?",mid,docker|performance,2,4,3,1,2026-10-04,
126,"How do Docker volumes and networking work? How do two containers talk to each other?",mid,docker|network,2,3,2,1,2026-10-04,
127,"What's the difference between horizontal and vertical scaling?",junior,cloud|system-design,3,4,3,2,2026-10-04,
128,"What are the tradeoffs of serverless functions, and what is a cold start?",mid,cloud|performance,1,3,3,2,2026-10-04,
129,"What's the difference between an L4 and an L7 load balancer?",senior,cloud|network|system-design,0,2,4,3,2026-10-04,
130,"What's the difference between `git merge` and `git rebase`? When would you use each?",junior,git,4,4,3,1,2026-10-04,
131,"What's the difference between `git reset` and `git revert`?",junior,git,4,3,2,0,2026-10-04,
132,"Compare trunk-based development and Git Flow. Which would you choose for a team shipping daily?",mid,git|ci-cd,1,3,4,3,2026-10-04,
133,"How do you resolve a merge conflict, and when would you use `git cherry-pick` or `git bisect`?",mid,git,2,3,2,1,2026-10-04,
134,"Explain the test pyramid. How do unit, integration, and end-to-end tests differ?",junior,testing,4,4,3,2,2026-10-04,
135,"What's the difference between mocks, stubs, and fakes?",mid,testing,1,3,3,1,2026-10-04,
136,"What is test-driven development (TDD) and what are its pros and cons?",junior,testing,3,3,2,1,2026-10-04,
137,"How do you test asynchronous code, and how do you deal with flaky tests?",senior,testing|js,0,3,4,3,2026-10-04,
138,"Monolith vs microservices: what are the tradeoffs, and when would you pick each?",mid,architecture|system-design,1,4,4,4,2026-10-04,
139,"Explain the SOLID principles with practical examples.",mid,architecture,2,4,3,2,2026-10-04,
140,"What is event-driven architecture, and what problems do message queues solve (and introduce)?",senior,architecture|system-design,0,2,4,4,2026-10-04,
141,"Design a URL shortener like bit.ly.",senior,system-design|caching|sql,0,2,4,4,2026-10-04,
142,"Design a distributed rate limiter for a public API.",master,system-design|be-security|caching,0,1,3,4,2026-10-04,
143,"Explain the CAP theorem and the common consistency models used in distributed databases.",master,system-design|nosql,0,1,3,4,2026-10-04,
144,"Design a news feed and notifications system for a social app.",master,system-design|architecture|caching,0,0,2,4,2026-10-04,
145,"Tell me about yourself.",junior,hr,4,4,4,4,2026-10-04,
146,"Why are you leaving your current job?",junior,hr,2,4,4,3,2026-10-04,
147,"Tell me about a conflict you had with a teammate and how you handled it.",mid,hr,3,4,4,4,2026-10-04,
148,"Tell me about a mistake or failure you made and what you learned from it.",junior,hr,3,4,4,4,2026-10-04,
149,"How do you handle disagreement with colleagues about a technical decision?",senior,hr,0,2,4,4,2026-10-04,
150,"What are your salary expectations, and what questions do you have for us?",junior,hr,4,4,4,4,2026-10-04,
